source_url,target_url,http_status,reason
/,/,200,URL preserved
/about/,/about/,200,URL preserved
/about/ever/,/about/ever/,200,URL preserved
/about/history/,/about/history/,200,URL preserved
/about/introduction/,/about/introduction/,200,URL preserved
/about/visitors/,/about/visitors/,200,URL preserved
/access/,/access/,200,URL preserved
/commit/,/commit/,200,URL preserved
/commit/commit/,/commit/commit/,200,URL preserved
/commit/course/,/commit/course/,200,URL preserved
/commit/family/,/commit/family/,200,URL preserved
/information/,/information/,200,URL preserved
/memorial/,/memorial/,200,URL preserved
/memorial/guidance_wedding/,/memorial/guidance_wedding/,200,URL preserved
/memorial/memorial/,/memorial/memorial/,200,URL preserved
/privacy-policy/,/privacy-policy/,200,URL preserved
/schedule/,/schedule/,200,URL preserved
/schedule/annual/,/schedule/annual/,200,URL preserved
/schedule/mass/,/schedule/mass/,200,URL preserved
/2026/04-29-2026%e5%b9%b45%e6%9c%88%e3%81%ae%e4%ba%88%e5%ae%9a/,/2026/04-29-2026%e5%b9%b45%e6%9c%88%e3%81%ae%e4%ba%88%e5%ae%9a/,200,URL preserved
/2026/03-29-%e5%a4%a7%e3%81%8d%e3%81%aa%e5%85%89%e3%82%92%e8%a6%8b%e3%81%9f%ef%bc%8d%e5%be%a9%e6%b4%bb%e3%81%ae%e5%b8%8c%e6%9c%9b%e3%81%a8%e6%96%b0%e3%81%97%e3%81%84%e6%ad%a9%e3%81%bf%ef%bc%8d/,/2026/03-29-%e5%a4%a7%e3%81%8d%e3%81%aa%e5%85%89%e3%82%92%e8%a6%8b%e3%81%9f%ef%bc%8d%e5%be%a9%e6%b4%bb%e3%81%ae%e5%b8%8c%e6%9c%9b%e3%81%a8%e6%96%b0%e3%81%97%e3%81%84%e6%ad%a9%e3%81%bf%ef%bc%8d/,200,URL preserved
/2026/03-29-2026%e5%b9%b44%e6%9c%88%e3%81%ae%e4%ba%88%e5%ae%9a/,/2026/03-29-2026%e5%b9%b44%e6%9c%88%e3%81%ae%e4%ba%88%e5%ae%9a/,200,URL preserved
/2026/02-22-%e5%9b%9b%e6%97%ac%e7%af%80%ef%bc%8d%e5%bf%83%e3%81%ae%e7%99%92%e3%82%84%e3%81%97%e3%81%a8%e5%85%b1%e5%90%8c%e4%bd%93%e3%81%ae%e5%88%b7%e6%96%b0%e3%81%ae%e6%99%82/,/2026/02-22-%e5%9b%9b%e6%97%ac%e7%af%80%ef%bc%8d%e5%bf%83%e3%81%ae%e7%99%92%e3%82%84%e3%81%97%e3%81%a8%e5%85%b1%e5%90%8c%e4%bd%93%e3%81%ae%e5%88%b7%e6%96%b0%e3%81%ae%e6%99%82/,200,URL preserved
/2026/02-22-2026%e5%b9%b43%e6%9c%88%e3%81%ae%e4%ba%88%e5%ae%9a/,/2026/02-22-2026%e5%b9%b43%e6%9c%88%e3%81%ae%e4%ba%88%e5%ae%9a/,200,URL preserved
/2026/02-04-%e3%80%90%e7%b7%8a%e6%80%a5%e3%80%91%e3%83%9b%e3%82%a2%e3%82%a4%e7%a5%9e%e7%88%b6%e6%a7%98%e3%81%ab%e3%82%88%e3%82%8b%e7%a5%88%e3%82%8a%e3%81%a8%e8%aa%9e%e3%82%8a%e5%90%88%e3%81%84%e3%81%ae%e9%9b%86/,/2026/02-04-%e3%80%90%e7%b7%8a%e6%80%a5%e3%80%91%e3%83%9b%e3%82%a2%e3%82%a4%e7%a5%9e%e7%88%b6%e6%a7%98%e3%81%ab%e3%82%88%e3%82%8b%e7%a5%88%e3%82%8a%e3%81%a8%e8%aa%9e%e3%82%8a%e5%90%88%e3%81%84%e3%81%ae%e9%9b%86/,200,URL preserved
/2026/01-25-%e7%81%b0%e3%81%a8%e5%b8%8c%e6%9c%9b/,/2026/01-25-%e7%81%b0%e3%81%a8%e5%b8%8c%e6%9c%9b/,200,URL preserved
/2026/01-25-2026%e5%b9%b42%e6%9c%88%e3%81%ae%e4%ba%88%e5%ae%9a/,/2026/01-25-2026%e5%b9%b42%e6%9c%88%e3%81%ae%e4%ba%88%e5%ae%9a/,200,URL preserved
/2025/12-30-%e3%80%8c%e7%9a%86%e3%81%8c%e4%b8%80%e3%81%a4%e3%81%a8%e3%81%aa%e3%82%8b%e3%81%9f%e3%82%81%e3%81%ab%e3%80%8d%e3%83%bc%e6%96%b0%e3%81%97%e3%81%84%e5%b9%b4%e3%81%ae%e3%81%af%e3%81%98%e3%82%81%e3%81%ab/,/2025/12-30-%e3%80%8c%e7%9a%86%e3%81%8c%e4%b8%80%e3%81%a4%e3%81%a8%e3%81%aa%e3%82%8b%e3%81%9f%e3%82%81%e3%81%ab%e3%80%8d%e3%83%bc%e6%96%b0%e3%81%97%e3%81%84%e5%b9%b4%e3%81%ae%e3%81%af%e3%81%98%e3%82%81%e3%81%ab/,200,URL preserved
/2025/12-30-2026%e5%b9%b41%e6%9c%88%e3%81%ae%e4%ba%88%e5%ae%9a/,/2025/12-30-2026%e5%b9%b41%e6%9c%88%e3%81%ae%e4%ba%88%e5%ae%9a/,200,URL preserved
/2025/11-30-%e5%be%85%e9%99%8d%e7%af%80-%e2%94%80-%e6%96%b0%e3%81%9f%e3%81%ab%e7%94%9f%e3%81%be%e3%82%8c%e3%82%8b%e5%b8%8c%e6%9c%9b%e3%81%ae%e6%99%82/,/2025/11-30-%e5%be%85%e9%99%8d%e7%af%80-%e2%94%80-%e6%96%b0%e3%81%9f%e3%81%ab%e7%94%9f%e3%81%be%e3%82%8c%e3%82%8b%e5%b8%8c%e6%9c%9b%e3%81%ae%e6%99%82/,200,URL preserved
/2025/11-30-2025%e5%b9%b412%e6%9c%88%e3%81%ae%e4%ba%88%e5%ae%9a/,/2025/11-30-2025%e5%b9%b412%e6%9c%88%e3%81%ae%e4%ba%88%e5%ae%9a/,200,URL preserved
/2025/10-26-%e3%82%ad%e3%83%aa%e3%82%b9%e3%83%88%e3%81%ab%e3%81%8a%e3%81%91%e3%82%8b%e5%85%84%e5%bc%9f%e5%a7%89%e5%a6%b9%e3%81%ae%e7%9a%86%e3%81%95%e3%82%93%e3%81%b8/,/2025/10-26-%e3%82%ad%e3%83%aa%e3%82%b9%e3%83%88%e3%81%ab%e3%81%8a%e3%81%91%e3%82%8b%e5%85%84%e5%bc%9f%e5%a7%89%e5%a6%b9%e3%81%ae%e7%9a%86%e3%81%95%e3%82%93%e3%81%b8/,200,URL preserved
/2025/10-26-2025%e5%b9%b411%e6%9c%88%e3%81%ae%e4%ba%88%e5%ae%9a/,/2025/10-26-2025%e5%b9%b411%e6%9c%88%e3%81%ae%e4%ba%88%e5%ae%9a/,200,URL preserved
/2025/09-28-%e8%a6%aa%e6%84%9b%e3%81%aa%e3%82%8b%e3%82%ad%e3%83%aa%e3%82%b9%e3%83%88%e3%81%ab%e3%81%8a%e3%81%91%e3%82%8b%e5%85%84%e5%bc%9f%e5%a7%89%e5%a6%b9%e3%81%ae%e7%9a%86%e3%81%95%e3%81%be%e3%81%b8/,/2025/09-28-%e8%a6%aa%e6%84%9b%e3%81%aa%e3%82%8b%e3%82%ad%e3%83%aa%e3%82%b9%e3%83%88%e3%81%ab%e3%81%8a%e3%81%91%e3%82%8b%e5%85%84%e5%bc%9f%e5%a7%89%e5%a6%b9%e3%81%ae%e7%9a%86%e3%81%95%e3%81%be%e3%81%b8/,200,URL preserved
/2025/09-28-2025%e5%b9%b410%e6%9c%88%e3%81%ae%e4%ba%88%e5%ae%9a/,/2025/09-28-2025%e5%b9%b410%e6%9c%88%e3%81%ae%e4%ba%88%e5%ae%9a/,200,URL preserved
/2025/08-31-%e4%bf%a1%e4%bb%b0%e3%81%af%e4%b8%80%e4%ba%ba%e3%81%a7%e5%ad%a6%e3%81%b6%e3%82%82%e3%81%ae%e3%81%a7%e3%81%af%e3%81%aa%e3%81%8f%e3%80%81%e5%85%b1%e5%90%8c%e4%bd%93%e3%81%ae%e4%b8%ad%e3%81%a7%e8%82%b2/,/2025/08-31-%e4%bf%a1%e4%bb%b0%e3%81%af%e4%b8%80%e4%ba%ba%e3%81%a7%e5%ad%a6%e3%81%b6%e3%82%82%e3%81%ae%e3%81%a7%e3%81%af%e3%81%aa%e3%81%8f%e3%80%81%e5%85%b1%e5%90%8c%e4%bd%93%e3%81%ae%e4%b8%ad%e3%81%a7%e8%82%b2/,200,URL preserved
/2025/08-31-2025%e5%b9%b49%e6%9c%88%e3%81%ae%e4%ba%88%e5%ae%9a/,/2025/08-31-2025%e5%b9%b49%e6%9c%88%e3%81%ae%e4%ba%88%e5%ae%9a/,200,URL preserved
/2025/07-28-%e5%b9%b8%e3%81%9b%e3%81%aa%e5%b9%b3%e5%92%8c%e3%82%92%e5%ae%9f%e7%8f%be%e3%81%99%e3%82%8b%e4%ba%ba%e3%80%85/,/2025/07-28-%e5%b9%b8%e3%81%9b%e3%81%aa%e5%b9%b3%e5%92%8c%e3%82%92%e5%ae%9f%e7%8f%be%e3%81%99%e3%82%8b%e4%ba%ba%e3%80%85/,200,URL preserved
/2025/07-27-2025%e5%b9%b48%e6%9c%88%e3%81%ae%e4%ba%88%e5%ae%9a/,/2025/07-27-2025%e5%b9%b48%e6%9c%88%e3%81%ae%e4%ba%88%e5%ae%9a/,200,URL preserved
/2025/07-02-2025%e5%b9%b47%e6%9c%88%e3%81%ae%e4%ba%88%e5%ae%9a/,/2025/07-02-2025%e5%b9%b47%e6%9c%88%e3%81%ae%e4%ba%88%e5%ae%9a/,200,URL preserved
/2025/05-25-2025%e5%b9%b46%e6%9c%88%e3%81%ae%e4%ba%88%e5%ae%9a/,/2025/05-25-2025%e5%b9%b46%e6%9c%88%e3%81%ae%e4%ba%88%e5%ae%9a/,200,URL preserved
/2025/05-01-2025%e5%b9%b45%e6%9c%88%e3%81%ae%e4%ba%88%e5%ae%9a/,/2025/05-01-2025%e5%b9%b45%e6%9c%88%e3%81%ae%e4%ba%88%e5%ae%9a/,200,URL preserved
/2025/03-29-2025%e5%b9%b44%e6%9c%88%e3%81%ae%e4%ba%88%e5%ae%9a/,/2025/03-29-2025%e5%b9%b44%e6%9c%88%e3%81%ae%e4%ba%88%e5%ae%9a/,200,URL preserved
/2025/02-23-2025%e5%b9%b43%e6%9c%88%e3%81%ae%e4%ba%88%e5%ae%9a/,/2025/02-23-2025%e5%b9%b43%e6%9c%88%e3%81%ae%e4%ba%88%e5%ae%9a/,200,URL preserved
/2025/01-25-2025%e5%b9%b42%e6%9c%88%e3%81%ae%e4%ba%88%e5%ae%9a/,/2025/01-25-2025%e5%b9%b42%e6%9c%88%e3%81%ae%e4%ba%88%e5%ae%9a/,200,URL preserved
/2024/12-22-2025%e5%b9%b41%e6%9c%88%e3%81%ae%e4%ba%88%e5%ae%9a/,/2024/12-22-2025%e5%b9%b41%e6%9c%88%e3%81%ae%e4%ba%88%e5%ae%9a/,200,URL preserved
/2024/11-25-2024%e5%b9%b412%e6%9c%88%e3%81%ae%e4%ba%88%e5%ae%9a/,/2024/11-25-2024%e5%b9%b412%e6%9c%88%e3%81%ae%e4%ba%88%e5%ae%9a/,200,URL preserved
/2024/10-27-2024%e5%b9%b411%e6%9c%88%e3%81%ae%e4%ba%88%e5%ae%9a/,/2024/10-27-2024%e5%b9%b411%e6%9c%88%e3%81%ae%e4%ba%88%e5%ae%9a/,200,URL preserved
/2024/09-29-2024%e5%b9%b410%e6%9c%88%e3%81%ae%e4%ba%88%e5%ae%9a/,/2024/09-29-2024%e5%b9%b410%e6%9c%88%e3%81%ae%e4%ba%88%e5%ae%9a/,200,URL preserved
/2024/08-23-2024%e5%b9%b49%e6%9c%88%e3%81%ae%e4%ba%88%e5%ae%9a/,/2024/08-23-2024%e5%b9%b49%e6%9c%88%e3%81%ae%e4%ba%88%e5%ae%9a/,200,URL preserved
/2024/07-23-2024%e5%b9%b48%e6%9c%88%e3%81%ae%e3%81%8a%e7%9f%a5%e3%82%89%e3%81%9b/,/2024/07-23-2024%e5%b9%b48%e6%9c%88%e3%81%ae%e3%81%8a%e7%9f%a5%e3%82%89%e3%81%9b/,200,URL preserved
/2024/07-01-2024%e5%b9%b47%e6%9c%88%e3%81%ae%e4%ba%88%e5%ae%9a/,/2024/07-01-2024%e5%b9%b47%e6%9c%88%e3%81%ae%e4%ba%88%e5%ae%9a/,200,URL preserved
/2024/05-30-6%e6%9c%88%e3%81%ae%e4%ba%88%e5%ae%9a/,/2024/05-30-6%e6%9c%88%e3%81%ae%e4%ba%88%e5%ae%9a/,200,URL preserved
/2024/05-02-2024%e5%b9%b45%e6%9c%88%e3%81%ae%e4%ba%88%e5%ae%9a/,/2024/05-02-2024%e5%b9%b45%e6%9c%88%e3%81%ae%e4%ba%88%e5%ae%9a/,200,URL preserved
/2024/03-28-2024%e5%b9%b44%e6%9c%88%e3%81%ae%e4%ba%88%e5%ae%9a/,/2024/03-28-2024%e5%b9%b44%e6%9c%88%e3%81%ae%e4%ba%88%e5%ae%9a/,200,URL preserved
/2024/02-28-2024%e5%b9%b43%e6%9c%88%e3%81%ae%e4%ba%88%e5%ae%9a/,/2024/02-28-2024%e5%b9%b43%e6%9c%88%e3%81%ae%e4%ba%88%e5%ae%9a/,200,URL preserved
/2024/01-29-2024%e5%b9%b42%e6%9c%88%e3%81%ae%e4%ba%88%e5%ae%9a/,/2024/01-29-2024%e5%b9%b42%e6%9c%88%e3%81%ae%e4%ba%88%e5%ae%9a/,200,URL preserved
/2023/12-29-2024%e5%b9%b41%e6%9c%88%e3%81%ae%e4%ba%88%e5%ae%9a/,/2023/12-29-2024%e5%b9%b41%e6%9c%88%e3%81%ae%e4%ba%88%e5%ae%9a/,200,URL preserved
/2023/11-27-2023%e5%b9%b412%e6%9c%88%e3%81%ae%e4%ba%88%e5%ae%9a/,/2023/11-27-2023%e5%b9%b412%e6%9c%88%e3%81%ae%e4%ba%88%e5%ae%9a/,200,URL preserved
/2023/10-22-2023%e5%b9%b411%e6%9c%88%e3%81%ae%e4%ba%88%e5%ae%9a/,/2023/10-22-2023%e5%b9%b411%e6%9c%88%e3%81%ae%e4%ba%88%e5%ae%9a/,200,URL preserved
/2023/09-30-2023%e5%b9%b410%e6%9c%88%e3%81%ae%e4%ba%88%e5%ae%9a/,/2023/09-30-2023%e5%b9%b410%e6%9c%88%e3%81%ae%e4%ba%88%e5%ae%9a/,200,URL preserved
/2023/08-30-2023%e5%b9%b49%e6%9c%88%e3%81%ae%e4%ba%88%e5%ae%9a/,/2023/08-30-2023%e5%b9%b49%e6%9c%88%e3%81%ae%e4%ba%88%e5%ae%9a/,200,URL preserved
/2023/08-02-2023%e5%b9%b48%e6%9c%88%e3%81%ae%e4%ba%88%e5%ae%9a/,/2023/08-02-2023%e5%b9%b48%e6%9c%88%e3%81%ae%e4%ba%88%e5%ae%9a/,200,URL preserved
/2023/06-28-2023%e5%b9%b47%e6%9c%88%e3%81%ae%e4%ba%88%e5%ae%9a/,/2023/06-28-2023%e5%b9%b47%e6%9c%88%e3%81%ae%e4%ba%88%e5%ae%9a/,200,URL preserved
/2023/05-30-2023%e5%b9%b46%e6%9c%88%e3%81%ae%e4%ba%88%e5%ae%9a/,/2023/05-30-2023%e5%b9%b46%e6%9c%88%e3%81%ae%e4%ba%88%e5%ae%9a/,200,URL preserved
/2023/04-30-2023%e5%b9%b45%e6%9c%88%e3%81%ae%e4%ba%88%e5%ae%9a/,/2023/04-30-2023%e5%b9%b45%e6%9c%88%e3%81%ae%e4%ba%88%e5%ae%9a/,200,URL preserved
/2023/04-02-2023%e5%b9%b44%e6%9c%88%e3%81%ae%e4%ba%88%e5%ae%9a/,/2023/04-02-2023%e5%b9%b44%e6%9c%88%e3%81%ae%e4%ba%88%e5%ae%9a/,200,URL preserved
/2023/02-27-2023%e5%b9%b43%e6%9c%88%e3%81%ae%e4%ba%88%e5%ae%9a/,/2023/02-27-2023%e5%b9%b43%e6%9c%88%e3%81%ae%e4%ba%88%e5%ae%9a/,200,URL preserved
/2023/01-26-2023%e5%b9%b42%e6%9c%88%e3%81%ae%e4%ba%88%e5%ae%9a/,/2023/01-26-2023%e5%b9%b42%e6%9c%88%e3%81%ae%e4%ba%88%e5%ae%9a/,200,URL preserved
/2023/01-14-%e3%80%90%e7%b7%8a%e6%80%a5%e3%80%91%e3%83%9f%e3%82%b5%e4%b8%ad%e6%ad%a2%e3%81%ae%e3%81%8a%e7%9f%a5%e3%82%89%e3%81%9b/,/2023/01-14-%e3%80%90%e7%b7%8a%e6%80%a5%e3%80%91%e3%83%9f%e3%82%b5%e4%b8%ad%e6%ad%a2%e3%81%ae%e3%81%8a%e7%9f%a5%e3%82%89%e3%81%9b/,200,URL preserved
/2023/01-01-2023%e5%b9%b41%e6%9c%88%e3%81%ae%e4%ba%88%e5%ae%9a/,/2023/01-01-2023%e5%b9%b41%e6%9c%88%e3%81%ae%e4%ba%88%e5%ae%9a/,200,URL preserved
/2022/11-27-2022%e5%b9%b412%e6%9c%88%e3%81%ae%e4%ba%88%e5%ae%9a/,/2022/11-27-2022%e5%b9%b412%e6%9c%88%e3%81%ae%e4%ba%88%e5%ae%9a/,200,URL preserved
/2022/10-29-2022%e5%b9%b411%e6%9c%88%e3%81%ae%e4%ba%88%e5%ae%9a/,/2022/10-29-2022%e5%b9%b411%e6%9c%88%e3%81%ae%e4%ba%88%e5%ae%9a/,200,URL preserved
/2022/09-28-10%e6%9c%88%e3%81%ae%e4%ba%88%e5%ae%9a-2/,/2022/09-28-10%e6%9c%88%e3%81%ae%e4%ba%88%e5%ae%9a-2/,200,URL preserved
/2022/09-03-2022%e5%b9%b49%e6%9c%88%e3%81%ae%e4%ba%88%e5%ae%9a/,/2022/09-03-2022%e5%b9%b49%e6%9c%88%e3%81%ae%e4%ba%88%e5%ae%9a/,200,URL preserved
/2022/07-24-2022%e5%b9%b48%e6%9c%88%e3%81%ae%e4%ba%88%e5%ae%9a/,/2022/07-24-2022%e5%b9%b48%e6%9c%88%e3%81%ae%e4%ba%88%e5%ae%9a/,200,URL preserved
/2022/06-27-2022%e5%b9%b47%e6%9c%88%e3%81%ae%e4%ba%88%e5%ae%9a/,/2022/06-27-2022%e5%b9%b47%e6%9c%88%e3%81%ae%e4%ba%88%e5%ae%9a/,200,URL preserved
/2022/05-19-2022%e5%b9%b46%e6%9c%88%e3%81%ae%e4%ba%88%e5%ae%9a/,/2022/05-19-2022%e5%b9%b46%e6%9c%88%e3%81%ae%e4%ba%88%e5%ae%9a/,200,URL preserved
/2022/05-11-5%e6%9c%8828%e6%97%a5%ef%bc%88%e5%9c%9f%ef%bc%89%e5%a4%95%e3%83%9f%e3%82%b5%e3%81%af%e3%81%8a%e4%bc%91%e3%81%bf%e3%81%a7%e3%81%99/,/2022/05-11-5%e6%9c%8828%e6%97%a5%ef%bc%88%e5%9c%9f%ef%bc%89%e5%a4%95%e3%83%9f%e3%82%b5%e3%81%af%e3%81%8a%e4%bc%91%e3%81%bf%e3%81%a7%e3%81%99/,200,URL preserved
/2022/04-25-2022%e5%b9%b45%e6%9c%88%e3%81%ae%e4%ba%88%e5%ae%9a/,/2022/04-25-2022%e5%b9%b45%e6%9c%88%e3%81%ae%e4%ba%88%e5%ae%9a/,200,URL preserved
/2022/03-31-2022%e5%b9%b44%e6%9c%88%e3%81%ae%e4%ba%88%e5%ae%9a/,/2022/03-31-2022%e5%b9%b44%e6%9c%88%e3%81%ae%e4%ba%88%e5%ae%9a/,200,URL preserved
/2022/03-20-4%e6%9c%88%e3%82%88%e3%82%8a%e3%80%8c%e5%88%9d%e9%87%91%e3%83%9f%e3%82%b5%e3%80%8d%e3%81%a8%e3%80%8c%e8%81%96%e6%9b%b8%e3%81%a8%e5%85%b8%e7%a4%bc%e3%81%ae%e5%8b%89%e5%bc%b7%e4%bc%9a%e3%80%8d%e3%81%ae/,/2022/03-20-4%e6%9c%88%e3%82%88%e3%82%8a%e3%80%8c%e5%88%9d%e9%87%91%e3%83%9f%e3%82%b5%e3%80%8d%e3%81%a8%e3%80%8c%e8%81%96%e6%9b%b8%e3%81%a8%e5%85%b8%e7%a4%bc%e3%81%ae%e5%8b%89%e5%bc%b7%e4%bc%9a%e3%80%8d%e3%81%ae/,200,URL preserved
/2022/03-04-2022%e5%b9%b43%e6%9c%88%e3%81%ae%e4%ba%88%e5%ae%9a/,/2022/03-04-2022%e5%b9%b43%e6%9c%88%e3%81%ae%e4%ba%88%e5%ae%9a/,200,URL preserved
/2022/01-26-2022%e5%b9%b42%e6%9c%88%e3%81%ae%e4%ba%88%e5%ae%9a/,/2022/01-26-2022%e5%b9%b42%e6%9c%88%e3%81%ae%e4%ba%88%e5%ae%9a/,200,URL preserved
/2022/01-01-2022%e5%b9%b41%e6%9c%88%e3%81%ae%e4%ba%88%e5%ae%9a/,/2022/01-01-2022%e5%b9%b41%e6%9c%88%e3%81%ae%e4%ba%88%e5%ae%9a/,200,URL preserved
/2021/12-08-12%e6%9c%88%e3%81%ae%e4%ba%88%e5%ae%9a/,/2021/12-08-12%e6%9c%88%e3%81%ae%e4%ba%88%e5%ae%9a/,200,URL preserved
/2021/11-01-11%e6%9c%88%e3%81%ae%e4%ba%88%e5%ae%9a/,/2021/11-01-11%e6%9c%88%e3%81%ae%e4%ba%88%e5%ae%9a/,200,URL preserved
/2021/09-29-10%e6%9c%88%e3%81%ae%e4%ba%88%e5%ae%9a/,/2021/09-29-10%e6%9c%88%e3%81%ae%e4%ba%88%e5%ae%9a/,200,URL preserved
/2021/09-13-9%e6%9c%8813%e6%97%a5%e4%bb%a5%e9%99%8d%e3%81%ae%e5%bd%93%e6%95%99%e4%bc%9a%e3%81%ae%e5%af%be%e5%bf%9c%e3%81%ab%e3%81%a4%e3%81%84%e3%81%a6/,/2021/09-13-9%e6%9c%8813%e6%97%a5%e4%bb%a5%e9%99%8d%e3%81%ae%e5%bd%93%e6%95%99%e4%bc%9a%e3%81%ae%e5%af%be%e5%bf%9c%e3%81%ab%e3%81%a4%e3%81%84%e3%81%a6/,200,URL preserved
/2021/08-18-%e6%95%99%e5%8c%ba%e9%80%9a%e9%81%94%e3%81%ab%e4%bc%b4%e3%81%868%e6%9c%8816%e6%97%a5%e4%bb%a5%e9%99%8d%e3%81%ae%e5%af%be%e5%bf%9c%e3%81%ab%e3%81%a4%e3%81%84%e3%81%a6/,/2021/08-18-%e6%95%99%e5%8c%ba%e9%80%9a%e9%81%94%e3%81%ab%e4%bc%b4%e3%81%868%e6%9c%8816%e6%97%a5%e4%bb%a5%e9%99%8d%e3%81%ae%e5%af%be%e5%bf%9c%e3%81%ab%e3%81%a4%e3%81%84%e3%81%a6/,200,URL preserved
/2021/08-02-%e5%b9%b4%e9%96%93%e7%ac%ac18%e4%b8%bb%e6%97%a52021%e5%b9%b48%e6%9c%881%e6%97%a5/,/2021/08-02-%e5%b9%b4%e9%96%93%e7%ac%ac18%e4%b8%bb%e6%97%a52021%e5%b9%b48%e6%9c%881%e6%97%a5/,200,URL preserved
/2021/07-29-8%e6%9c%88%e3%81%ae%e4%ba%88%e5%ae%9a/,/2021/07-29-8%e6%9c%88%e3%81%ae%e4%ba%88%e5%ae%9a/,200,URL preserved
/2021/07-28-%e5%b9%b4%e9%96%93%e7%ac%ac17%e4%b8%bb%e6%97%a52021%e5%b9%b407%e6%9c%8825%e6%97%a5/,/2021/07-28-%e5%b9%b4%e9%96%93%e7%ac%ac17%e4%b8%bb%e6%97%a52021%e5%b9%b407%e6%9c%8825%e6%97%a5/,200,URL preserved
/2021/07-19-%e5%b9%b4%e9%96%93%e7%ac%ac16%e4%b8%bb%e6%97%a52021%e5%b9%b47%e6%9c%8818%e6%97%a5/,/2021/07-19-%e5%b9%b4%e9%96%93%e7%ac%ac16%e4%b8%bb%e6%97%a52021%e5%b9%b47%e6%9c%8818%e6%97%a5/,200,URL preserved
/2021/07-13-%e5%b9%b4%e9%96%93%e7%ac%ac15%e4%b8%bb%e6%97%a52021%e5%b9%b47%e6%9c%8811%e6%97%a5/,/2021/07-13-%e5%b9%b4%e9%96%93%e7%ac%ac15%e4%b8%bb%e6%97%a52021%e5%b9%b47%e6%9c%8811%e6%97%a5/,200,URL preserved
/2021/07-05-%e5%b9%b4%e9%96%93%e7%ac%ac14%e4%b8%bb%e6%97%a52021%e5%b9%b47%e6%9c%884%e6%97%a5/,/2021/07-05-%e5%b9%b4%e9%96%93%e7%ac%ac14%e4%b8%bb%e6%97%a52021%e5%b9%b47%e6%9c%884%e6%97%a5/,200,URL preserved
/2021/06-28-%e5%b9%b4%e9%96%93%e7%ac%ac13%e4%b8%bb%e6%97%a52021%e5%b9%b46%e6%9c%8827%e6%97%a5/,/2021/06-28-%e5%b9%b4%e9%96%93%e7%ac%ac13%e4%b8%bb%e6%97%a52021%e5%b9%b46%e6%9c%8827%e6%97%a5/,200,URL preserved
/2021/06-28-7%e6%9c%88%e3%81%ae%e4%ba%88%e5%ae%9a/,/2021/06-28-7%e6%9c%88%e3%81%ae%e4%ba%88%e5%ae%9a/,200,URL preserved
/2021/06-20-%e5%b9%b4%e9%96%93%e7%ac%ac%ef%bc%91%ef%bc%91%e4%b8%bb%e6%97%a52021%e5%b9%b4%ef%bc%96%e6%9c%88%ef%bc%92%ef%bc%90%e6%97%a5/,/2021/06-20-%e5%b9%b4%e9%96%93%e7%ac%ac%ef%bc%91%ef%bc%91%e4%b8%bb%e6%97%a52021%e5%b9%b4%ef%bc%96%e6%9c%88%ef%bc%92%ef%bc%90%e6%97%a5/,200,URL preserved
/2021/06-13-%e5%b9%b4%e9%96%93%e7%ac%ac%ef%bc%91%ef%bc%91%e4%b8%bb%e6%97%a52021%e5%b9%b4%ef%bc%96%e6%9c%88%ef%bc%913%e6%97%a5/,/2021/06-13-%e5%b9%b4%e9%96%93%e7%ac%ac%ef%bc%91%ef%bc%91%e4%b8%bb%e6%97%a52021%e5%b9%b4%ef%bc%96%e6%9c%88%ef%bc%913%e6%97%a5/,200,URL preserved
/2021/06-08-%e3%82%ad%e3%83%aa%e3%82%b9%e3%83%88%e3%81%ae%e8%81%96%e4%bd%932021%e5%b9%b46%e6%9c%886%e6%97%a5/,/2021/06-08-%e3%82%ad%e3%83%aa%e3%82%b9%e3%83%88%e3%81%ae%e8%81%96%e4%bd%932021%e5%b9%b46%e6%9c%886%e6%97%a5/,200,URL preserved
/2021/06-01-m_schedule_202106/,/2021/06-01-m_schedule_202106/,200,URL preserved
/2021/05-31-%e5%85%ac%e5%bc%8f%e3%82%b5%e3%82%a4%e3%83%88%e3%81%8c%e6%96%b0%e3%81%97%e3%81%8f%e3%81%aa%e3%82%8a%e3%81%be%e3%81%97%e3%81%9f/,/2021/05-31-%e5%85%ac%e5%bc%8f%e3%82%b5%e3%82%a4%e3%83%88%e3%81%8c%e6%96%b0%e3%81%97%e3%81%8f%e3%81%aa%e3%82%8a%e3%81%be%e3%81%97%e3%81%9f/,200,URL preserved
/2021/05-10-%e3%83%9e%e3%83%aa%e3%82%a2%e7%a5%ad%e4%b8%ad%e6%ad%a2%e3%81%ae%e3%81%8a%e7%9f%a5%e3%82%89%e3%81%9b/,/2021/05-10-%e3%83%9e%e3%83%aa%e3%82%a2%e7%a5%ad%e4%b8%ad%e6%ad%a2%e3%81%ae%e3%81%8a%e7%9f%a5%e3%82%89%e3%81%9b/,200,URL preserved
/2021/05-09-%e4%ba%80%e6%9c%89%e6%95%99%e4%bc%9a%e5%b0%8f%e6%95%99%e5%8c%ba%e8%a8%ad%e7%ab%8b50%e5%b9%b4%e3%82%92%e8%bf%8e%e3%81%88%e3%81%a6/,/2021/05-09-%e4%ba%80%e6%9c%89%e6%95%99%e4%bc%9a%e5%b0%8f%e6%95%99%e5%8c%ba%e8%a8%ad%e7%ab%8b50%e5%b9%b4%e3%82%92%e8%bf%8e%e3%81%88%e3%81%a6/,200,URL preserved
/2021/05-09-%e3%82%ab%e3%83%88%e3%83%aa%e3%83%83%e3%82%af%e4%ba%80%e6%9c%89%e6%95%99%e4%bc%9a50%e5%91%a8%e5%b9%b4%e8%a8%98%e5%bf%b5%e8%a1%8c%e4%ba%8b%e3%81%ab%e3%81%a4%e3%81%84%e3%81%a6/,/2021/05-09-%e3%82%ab%e3%83%88%e3%83%aa%e3%83%83%e3%82%af%e4%ba%80%e6%9c%89%e6%95%99%e4%bc%9a50%e5%91%a8%e5%b9%b4%e8%a8%98%e5%bf%b5%e8%a1%8c%e4%ba%8b%e3%81%ab%e3%81%a4%e3%81%84%e3%81%a6/,200,URL preserved
/2021/04-30-5%e6%9c%88%e3%81%ae%e4%ba%88%e5%ae%9a/,/2021/04-30-5%e6%9c%88%e3%81%ae%e4%ba%88%e5%ae%9a/,200,URL preserved
/category/news/,/news/,301,Friendly announcements landing page
/category/topics/,/topics/,301,Friendly topics landing page
/category/monthly_schedule/,/schedule/monthly/,301,Friendly monthly schedule landing page
/category/liturgy/,/schedule/annual/,301,Small liturgy category consolidated into schedules
/category/event/,/schedule/annual/,301,Small event category consolidated into schedules
